btree_backup_1.c;Example_1;Example_7
btree_backup_2.c;Example_2;Example_4
btree_backup_3.c;Example_1;Example_7
btree_backup_4.c;Example_1;Example_7
btree_backup_5.c;Example_1;Example_7
btree_backup_6.c;Example_1;Example_7
btree_doublebackup_1.c;Example_3;Example_9
ctree_backup_1.c;Example_1;Example_7
ctree_backup_2.c;Example_1;Example_7
ctree_backup_3.c;Example_1;Example_7
ctree_backup_4.c;Example_1;Example_7
ctree_doublebackup_1.c;Example_3;Example_9
hashmap_atomic_correct_1.c;Example_4;Example_6
hashmap_atomic_correct_2.c;Example_4;Example_6
hashmap_atomic_doublewriteback_1.c;Example_5;Example_9
hashmap_atomic_doublewriteback_2.c;Example_5;Example_9
hashmap_atomic_ordering_1.c;Example_6;Example_4
hashmap_atomic_ordering_2.c;Example_6;Example_4
hashmap_atomic_writeback_1.c;Example_7;Example_1
hashmap_atomic_writeback_2.c;Example_7;Example_1
hashmap_atomic_writeback_3.c;Example_7;Example_1
hashmap_atomic_writeback_4.c;Example_7;Example_1
hashmap_atomic_writeback_5.c;Example_7;Example_1
hashmap_tx_backup_3.c;Example_1;Example_7
hashmap_tx_backup_4.c;Example_1;Example_7
hashmap_tx_doublebackup_1.c;Example_3;Example_9
rbtree_backup_1.c;Example_1;Example_7
rbtree_backup_2.c;Example_1;Example_7
rbtree_backup_3.c;Example_8;Example_9
rbtree_backup_4.c;Example_1;Example_7
rbtree_backup_5.c;Example_1;Example_7
rbtree_doublebackup_1.c;Example_3;Example_9
pmdk_btree.c;Example_9;Example_3
pmdk_btree_doubleadd.c;Example_1;Example_7
pmdk_rbtree.c;Example_3;Example_5